Résultat d exploitation,Capitaux propres,Rentabilité économique,Rentabilité Financière,Endettement sur capitaux propres,Liquidité relative,Liquidité immédiate,Dettes fiscales et sociales annee N,Endettement sur actifs,Variation du chiffre d'affaire,mod_date_annee_cloture_exo,Total Actif Circulant,Total Immobilisation,Actif net d exploitation,Ventes annee N,Ventes annee N-1,Marge commerciale,Dotations nettes,Marge sur EBE,Marge sur REX,Marge sur RCAI,Marge sur Résultat Net,Salaires annee N,Masse salariale nette,Charges sociales annee N,Masse salariale brute,Masse salariale nette sur Ch.Ex,Masse salariale brute sur Ch.Ex,Rotation de l actif,Rendement net de l actif,Etat de l outil,Immobilisation brute,Poids du BFR _ CA,Rotation des stocks,Delai recouvre client,Delai règlement fournisseurs,Emprunts,Disponibilités et ECA,Resultat net,id
8450.0,21260024.0,0.0107367439331043,0.009506245148171,-0.1168374033820469,1.238235402254035,0.984020593728455,11616.0,-0.0861671371870713,-0.52,0.0,722448.0,64569.0,787017.0,143342.0,301408.0,0.9996184487653,38163.0,0.7454900644058484,0.4542672690088825,0.4933991636396935,0.4933991636396935,0.0,0.0,0.0,0.0,0.0,0.0,1.061660982071245,-0.3577524388698847,0.8128699051646566,4669778.0,-0.1201657458563535,2.027939963020084,0.0,18.27293674067868,7562880.0,10046846.0,202103.0,11117
68481.0,190426.0,0.0429557758930537,0.8414134624473549,-0.2503912280886013,0.5660033465101754,0.4888070362932938,6516.0,-0.1039839316791046,0.11,2017.0,468634.0,1125587.0,1594221.0,21282238.0,19223673.0,0.8533620697151703,61499.0,0.035860460012914,0.0224649422352009,0.0229253085393719,0.0229253085393719,0.0,0.2246114870083727,0.0,0.3020906299662105,0.0610887798354393,0.0718404551233598,0.0,0.0670162857388545,0.1635865853779233,1616624.0,0.0164185001456672,25.13283371520706,48.03787178498599,18.50923066911749,13839.0,61520.0,160227.0,11459
66474.0,712383.0,0.0839834595262491,0.0,-0.6894465477138,0.877381304566188,0.4525562259633576,1640320.0,-0.6221112643748045,0.01,0.0,384982.0,406531.0,791513.0,3175911.0,3143933.0,0.7561638417836221,324205.0,0.0610474568205417,0.038924886981819,0.0385360761894467,0.0385360761894467,3699037.0,0.2524088288845613,1694059.0,0.3680052525622242,0.1553154058808745,0.1553154058808745,2.183143918233457,0.0929194094200236,0.0709787448653885,301386.0,0.0324981134351733,0.3566791598896824,92.4361674419341,60.24521568706542,762.0,491912.0,0.0,11587
16439.0,243028.0,0.0089344527803925,0.2644551245124019,3.960016952779104,0.1730120560231371,0.0544275826211289,346300.0,-0.1128137961143855,-0.02,2017.0,423282.0,1416674.0,1839956.0,19007192.0,19376368.0,0.0625618755867044,360389.0,0.0623803880274991,0.0443671354870356,0.0356213944592363,0.0356213944592363,536878.0,0.0268346675326353,167705.0,0.0352170335795969,0.0618735364371383,0.0785582419363841,0.4136885340000361,0.0777632644702974,0.3842551955482534,3136387.0,1.631047138232091,1.616334517619193,75.63183586687,5.724787644187622,1187063.0,224668.0,64270.0,13127
7788.0,2060431.0,0.0019953579999687,0.1821313113615549,0.2055545660107036,0.3344674022024326,0.013000537840525,266254.0,0.263139014862512,-0.05,2020.0,3682613.0,220446.0,3903059.0,993633.0,1043707.0,0.9898364805212282,24111.0,0.2433845485774292,0.2234793728684967,0.2256431763413146,0.2256431763413146,446758.0,0.3688273605147557,177281.0,0.5151841874756975,0.1257831064379838,0.1616639815028239,1.150868928639633,-0.2183928184791403,-130244.0,-3.0,-0.2361014221992532,1.696856293061255,81.46872391733461,56.01727417292882,1501415.0,1097884.0,375269.0,13520
335020.0,200798.0,0.1065151592227083,-0.0651351109074791,0.2131196525861811,1.395908982451574,1.350235352812303,42586.0,-0.0478361614118807,0.09,2021.0,2752741.0,392539.0,3145280.0,15108336.0,13914853.0,0.6180338635882936,15822.0,-0.0486123943850118,-0.0662254678229119,-0.0663390143714308,-0.0663390143714308,189519.0,0.2109728267524574,55694.0,0.272971468646681,0.2248116353257102,0.3132002122497846,1.954623984403218,-0.2286942097948675,0.1166419915556286,91185.0,0.120580868519776,8.133498345395356,30.64616891718894,87.27388005258767,40786.0,1745.0,-13079.0,15349
-81763.0,1499402.0,-0.1055259713944249,0.0,0.2168557865068874,0.4276560062462559,0.1077171136014685,229678.0,0.060827257114474,-0.13,0.0,604292.0,170522.0,774814.0,2318711.0,2672854.0,0.9169666906147664,12196.0,0.0284767124909521,0.020272470179234,0.0668535425697656,0.0668535425697656,684033.0,0.4601486127592247,211558.0,0.6024635598715952,0.0351679559454802,0.0506826537440719,0.4612413118625945,0.0793458695487437,0.711899995290509,1125387.0,0.1900961152953016,0.0,142.060337103141,58.2060649564505,293923.0,22290.0,0.0,16807
-2929628.0,189692.0,-0.2377436898221094,0.0,-0.3265820382514813,8.265609318794331,7.756024402070342,20944.0,-0.0443668842788097,0.33,2019.0,11766923.0,555709.0,12322632.0,248170.0,186230.0,0.3670210574030576,581.0,0.0205125387471783,0.019182428812791,0.019182428812791,0.019182428812791,56890.0,0.1302408849695288,28871.0,0.1963365887831211,0.0771577142954023,0.1172738761458539,15.15950579579371,0.215355000175798,0.7929146868004523,11676294.0,-0.0813404577775946,33.60623281393217,0.0,497.4560198809758,116301.0,178251.0,0.0,17400
192660.0,3343388.0,0.0118739007273858,0.1402771679505938,-0.6356558078212878,1.065774199588092,1.031966548087125,4963.0,-0.3065173106922926,-0.73,2018.0,9928317.0,6297185.0,16225502.0,398496.0,1450892.0,1.0,464.0,-3.1808,-3.204,-1.6539,-1.6539,28800.0,1.44,10607.0,1.97035,0.0,0.0,0.0099620892692857,-0.1269666034653484,0.531577496300193,0.0,-0.44935,2.728740521028626,0.0,64.60994432680239,76388.0,2201632.0,469001.0,17944
835.0,827161.0,0.0348192318919144,0.1376116620585351,-0.2058740680472121,1.598536183075311,1.503834941335608,34885.0,-0.9557258554922882,-0.03,2018.0,21699.0,2282.0,23981.0,64789664.0,67022159.0,0.6162226504326289,821.0,0.0747639356688,0.0725727675974015,0.0726955370630341,0.0726955370630341,121398.0,0.3239992954100233,47473.0,0.4507000528442482,0.5632510415513564,0.686379272504132,2.193211152020323,0.1503614886659399,0.3593004365925474,39396.0,0.0178789706580977,15.32954662355794,41.42471295965155,66.39102916895982,317287.0,549548.0,113827.0,18763
8324.0,1160498.0,0.205968228831593,0.0,-0.9005211555728662,0.4761673637335217,0.1379235468807128,52528.0,-0.6403364132027529,1.83,2019.0,30471.0,9943.0,40414.0,1190.0,420.0,1.0,-400.0,0.0744354415819476,0.0757886902244701,0.0742730517448449,0.0742730517448449,231276.0,0.7824348326200585,75254.0,1.037028265981021,0.2413214829970324,0.3143702439822705,0.2635967442901566,0.0513894323521505,0.1432891676227479,1747585.0,-0.0057513067307204,7.283381527470659,66.3331021533569,51.9720475300153,1041.0,1046094.0,0.0,19514
55112.0,136565.0,0.4007271140841998,0.797437117855966,16.24977849375755,1.681709787011629,1.417957010322749,30199.0,0.0462610122313331,-0.1,2020.0,130721.0,6809.0,137530.0,7655913.0,8542301.0,1.0,329296.0,0.0626753137954443,-0.2544143207237396,9.44165162085518,9.44165162085518,128268.0,0.1235133534586107,61869.0,0.1830889893547874,0.2729024280360035,0.3398004275183804,0.0296436730563148,-0.0056701372770077,0.576374873149954,1323413.0,9.24959773518409,1.262124854402617,3.584995594586397,50.7527828496098,2194352.0,50201.0,108902.0,20668
-9049.0,312197.0,-0.4311716777052461,0.0,0.6843979922933277,1.356423181388402,0.3146759652387577,84624.0,0.2031998334143125,0.4,2017.0,16681.0,4306.0,20987.0,4202510.0,2991913.0,0.9764472633035208,-315.0,-0.1951856939654332,-0.1944184641764579,-0.1960162506576255,-0.1960162506576255,137225.0,0.3342320882289901,54862.0,0.4678567253171216,0.2647991808627041,0.3567162231346055,1.143617969516,-0.0874333506391138,0.3407307440068003,1503454.0,-0.0818865571598371,3.909160059911701,0.0,61.15075067683977,442943.0,229276.0,0.0,20713
-364340.0,101012.0,-0.1106046797977216,0.0719320476775036,0.0950877123510078,1.613468683920431,0.6532769945102773,457104.0,-0.6365851960169905,0.03,2017.0,3069707.0,224367.0,3294074.0,338987.0,327912.0,0.2239648529153705,-12402.0,0.0360664872574446,0.0366119276493243,0.0429445688835096,0.0429445688835096,529404.0,0.0232832063556427,200107.0,0.0320839191840472,0.0,0.0,1.820122425412499,0.0926169239371403,1.0,11867.0,0.0222769871389184,0.0,75.33603891177562,12.67497009939374,24839.0,15234.0,7266.0,20768
-4724.0,494221.0,-0.0044328670252497,0.332086252911147,1.023455093976177,1.448873474505772,0.4257750561395769,176780.0,-0.0027181543507317,-0.27,2018.0,592753.0,472923.0,1065676.0,6721.0,9261.0,0.9987592532452751,-51898.0,-0.1351090661316806,-0.1036059961332892,-0.1034797361895598,-0.1034797361895598,534609.0,0.3245177993134615,139717.0,0.4093286673809256,0.0819903028109009,0.1163066513171605,2.064461676888336,-0.0240371151933707,0.5864967323598489,1880256.0,0.0160228724744217,0.0,70.56636386537534,33.69310958437924,583065.0,77252.0,164124.0,22563
-237242.0,390939.0,-0.0194624411441265,0.0798794696870867,0.7579929349591624,4.981135253495031,4.981135253495031,93536.0,0.129290527150218,-0.12,2020.0,6765057.0,5424678.0,12189735.0,808350.0,917532.0,1.0,16335.0,0.0048832526113421,-0.0883035831436509,0.2456344520317411,0.2456344520317411,119357.0,0.6808999788924829,34905.0,0.8800237316949336,0.1213107402754559,0.1213107402754559,0.0291348692493524,0.0424798523081171,0.026943265621901,1320998.0,8.32493596435682,0.0,11.3273205433189,40.2252632016114,296677.0,348.0,31228.0,22825
-33974.0,1099622.0,-0.0140522506805046,0.0182608205365116,-0.3313247643281055,0.1746401685476278,0.0,12578264.0,-0.0668063724535504,0.0,2017.0,1535743.0,881948.0,2417691.0,1677960.0,1680368.0,0.987621957753153,1958325.0,0.0328919673163433,0.0288824541445297,0.0320097751186891,0.0320097751186891,20152846.0,0.0412613337860314,8251468.0,0.0581555518717925,0.3968297681907011,0.5487212621611173,1.851179096992876,0.1038829952745271,0.0619583256500092,184382.0,0.0042642613197919,5.061224489795919,15.13100670838086,179.2443682301562,301245.0,696314.0,20080.0,23297
58669.0,113603.0,0.3203855395369157,0.0,2.561578479441564,2.103001064421183,2.088038836290298,76368.0,0.5204623656788657,0.13,2018.0,155383.0,27737.0,183120.0,569911.0,506186.0,0.105034603920696,5531.0,0.0371158918447853,0.0345520032262999,0.0344032040495626,0.0344032040495626,194480.0,0.090150977856272,39322.0,0.1083786452321684,0.5657228404915942,0.8259866637132316,2.783635253934603,-0.3439690110556643,0.9558697388994272,408042.0,0.162144284211063,0.0,0.0,61.08386000679578,257640.0,3765.0,0.0,24635
7070.0,3324033.0,0.0075163030420296,0.0,-0.7354271151941031,0.6401740086461395,0.3938540471940766,209.0,-0.2036133115537484,-0.06,2018.0,749843.0,190779.0,940622.0,540000.0,576000.0,0.0667259280329967,-18418.0,0.5590598776845399,0.69003697909259,0.6025316455696202,0.6025316455696202,0.0,0.0,0.0,0.0,0.0,0.0,0.0791274040111775,-0.0089169255718003,0.4080994546278679,1039107.0,0.2875053335229697,145.0291734077449,3.260133693642441,0.0,121849.0,2566433.0,0.0,24946
-9068.0,1966871.0,-0.0007885051462395,0.0,-0.1599891401113748,0.4241763732754887,0.2093043347300265,85028.0,0.0585407223295343,-0.28,2020.0,1500242.0,10000000.0,11500242.0,70859.0,97743.0,0.4783602650047884,6841.0,0.030210581609754,0.0240991409499578,0.0182172924915309,0.0182172924915309,146022.0,0.1304494647017624,55447.0,0.1799833121310444,0.3946365559580047,0.5486288429075523,2.187990617670055,0.0295724433085681,0.6485344855863996,1341372.0,0.2124353211074741,0.0,26.53203213218793,29.80915946253299,597950.0,912628.0,0.0,24981
-18447.0,227901.0,-0.1560699510139851,-0.011061820702849,-0.3595859605705986,1.275540705389164,1.078458274757503,107902.0,0.3292180312787488,-0.17,2016.0,91614.0,26583.0,118197.0,611819.0,738735.0,0.9320205939493852,-5506.0,0.0586373779815809,0.0636688957892793,0.0645525641002209,0.0645525641002209,457770.0,0.4183214505684902,47850.0,0.462047953855517,0.2995419312087776,0.2971475682672748,1.854994389088727,0.0215046200645314,0.7185688678172706,941129.0,0.0131499348443117,2.027939963020084,0.1384215691829129,114.6897049595168,21605.0,103555.0,-2521.0,25901
14163.0,86321.0,0.0213539067411884,-0.035611264929739,0.0487482767808528,0.8926488940528445,0.4269515448833806,2288.0,-0.2947236111286036,-0.54,2016.0,593202.0,70049.0,663251.0,55258.0,119126.0,1.0,2389.0,0.0591783559981439,-0.0260913017096762,-0.0260556090944783,-0.0260556090944783,0.0,0.0,2541.0,0.0906949352179034,0.4574776193964209,0.5809563359864168,1.200642811227769,0.0121657895506518,0.0,76225.0,-0.0082093014955205,0.0,74.05004104650749,18.59140428044727,43207.0,38999.0,-3074.0,29844
115049.0,967328.0,0.6091212799864462,0.0,-0.0435384895299216,1.061822942602131,0.2801849447145958,11626.0,0.1619454161408897,-0.06,2015.0,165533.0,23344.0,188877.0,47657.0,50725.0,0.5283521419681431,-10944.0,0.252273995705388,0.2670632448509926,0.2885065750266555,0.2885065750266555,50741.0,0.0685691969021496,17444.0,0.0921422654416166,0.0,0.0,0.5138050962728844,0.0003951307287206,0.2678885068547151,1826480.0,0.2403388121843737,12.41117850953206,118.5973659352673,30.08711022941147,235330.0,277446.0,0.0,30318
-279066.0,383106.0,-0.0447512969595077,0.5206391964625978,0.9382155330378538,1.229488692245851,0.1998776554176061,53812.0,-0.2221152140304635,-0.13,0.0,1372115.0,4863816.0,6235931.0,601785.0,688223.0,0.3794804637260791,18895.0,0.0481335873112076,0.0396127919708358,0.0373575658529634,0.0373575658529634,369917.0,0.1668159327824466,79158.0,0.2025126312504622,0.3279663673705618,0.3279663673705618,4.461659181998165,-0.2398091749371725,1.0,1838.0,-0.0059480968795715,0.0,20.18637069585969,331.1413802738195,366255.0,6819.0,199460.0,30755
316585.0,275241.0,0.925419249983192,0.1502174458020425,-0.5637314208275657,0.4784349322615512,0.025141596778548,978002.0,-0.4032543622250845,0.14,2015.0,339692.0,2407.0,342099.0,2050164.0,1799775.0,0.2426310880908887,697207.0,0.0221699303702778,-0.0006974615711465,0.0272266497557244,0.0272266497557244,2230756.0,0.0731656047309968,1043653.0,0.1073959297303777,0.3475312566221657,0.581267217630854,0.5947711403393249,0.1028109791028929,0.5320731695929731,321281.0,0.3532542002257525,16.12581244196843,91.20370928857116,210.5356091818717,12462.0,167624.0,41346.0,32032
-5827.0,1494376.0,-0.0326724456954459,0.0,-0.372911502861395,1.220766995120467,0.3834687845565051,136352.0,-0.0242562755412912,0.01,2017.0,130642.0,47704.0,178346.0,390513.0,387242.0,0.7539537678998713,0.0,-0.3047524088685112,-0.3047524088685112,-0.3081319834467717,-0.3081319834467717,364355.0,0.3123705975297041,119844.0,0.4151158374477782,0.0668155807264186,0.07956547024341,1.94576015026682,-0.0151767411011067,0.3945051236423881,130376.0,-0.475283753093871,2.027939963020084,0.0206529557560362,114.3042110531208,63953.0,621223.0,0.0,37138
184612.0,2381655.0,0.1396024839460017,0.0,0.0682126504468531,0.8848737839726248,0.7531218087679381,1148673.0,0.0295844751412113,0.01,2019.0,1012296.0,310116.0,1322412.0,2873367.0,2832826.0,1.001359193375449,124089.0,0.0281309231061591,0.0053911433075806,0.0031068847899902,0.0031068847899902,3309700.0,0.6065150754648279,581329.0,0.7130458191288738,0.2733575360671014,0.3991731958201493,1.825753674902262,-0.0371714331913576,0.9938569583844186,858044.0,0.021633476656124,2.027939963020084,82.27680650213775,110.0846392266511,1071177.0,908718.0,0.0,37201
84243.0,-32396.0,0.0191559494340964,0.0580009877762686,-0.971724904309174,1.114843230075717,0.8295307575434147,257880.0,0.1559158098209809,-0.05,2016.0,546185.0,3851561.0,4397746.0,5030773.0,5310303.0,1.0,460.0,-0.0217700470408051,-0.0223354708812868,0.1055363598258986,0.1055363598258986,414938.0,0.5100344293951563,187228.0,0.7401717659292802,0.0,0.0,0.938094128933762,-0.8782347692058083,0.1436260769376279,639661.0,-0.0959536549119967,2.027939963020084,79.15872922221034,47.66435562805873,31651.0,171.0,-1879.0,38059
-6280.0,78652.0,-0.0221677050424469,0.0005212836291511,-1.497113868687382,0.0047127574343748,0.0047127574343748,292285.0,0.0677259529580991,0.04,2018.0,227179.0,56116.0,283295.0,93366998.0,89954459.0,1.0,57652.0,0.1700297255803318,0.0844283690723302,0.1609932679429958,0.1609932679429958,236109.0,0.3505732790492565,118793.0,0.5269564391071041,0.0,0.0,0.1066762166621973,0.0233553195406385,0.6059070598748882,223800.0,0.090697170279171,2.027939963020084,116.8368092366079,49.60907608607913,2590.0,120341.0,41.0,39248
25385.0,205111.0,0.0066838196535103,0.0,-1.61976685794521,1.17458695354724,0.0037755695423137,30276.0,-0.1318464490985928,0.34,0.0,1467897.0,2330081.0,3797978.0,266332.0,199002.0,0.9983628035114112,7253.0,0.0325630878564653,0.0186094026252859,0.0186094026252859,0.0186094026252859,284360.0,0.5470660323091396,86752.0,0.7139638816370426,0.0805810924092064,0.1322432198349177,3.453347772359452,0.0084458686481292,0.2835150063581778,1322706.0,0.1540176724875959,2.027939963020084,72.76672739620348,315.8653846153846,18913.0,351145.0,0.0,40856
6661.0,2073361.0,0.133132132792357,-0.1861682553110625,15.82181202405177,0.0047630260735539,0.0047630260735539,168168.0,0.001022537530371,-0.58,0.0,40683.0,9350.0,50033.0,15000.0,35811.0,1.0,18132.0,0.0807355794741102,0.0666901634836225,0.1133625881614773,0.1133625881614773,633919.0,0.4910465508092846,119950.0,0.5839622604970739,0.1108601070950468,0.4194695448460508,0.6380534293231109,0.0029088764739664,0.5011620549269935,502558.0,0.0575697836098082,2.027939963020084,70.1008207102494,59.04917187856201,32033602.0,182449.0,-385994.0,41825
11409.0,9782183.0,0.0139613770722102,0.0657338960025589,-0.062317787348693,0.0,0.0,110164.0,0.6467149340825589,0.38,2017.0,108708.0,708475.0,817183.0,205908.0,149578.0,0.7591502257406147,12636.0,-0.1152054637180495,-0.1263696844932542,-0.1263696844932542,-0.1263696844932542,329761.0,0.2913520581712801,93634.0,0.374080029686437,0.2090808634283136,0.3148048223516715,1.819796962476325,0.0332127986856622,0.6624536473794346,513725.0,0.0579238931641677,2.027939963020084,100.5200383449812,110.8713056690744,935708.0,1545312.0,643021.0,43440
5867.0,506661.0,0.1986322239902495,0.3866569560317451,-0.1566728048932126,0.0807058523248034,0.0520339854823053,417839.0,0.7985131233453642,-0.08,0.0,29098.0,439.0,29537.0,90000.0,97500.0,0.926719809815799,-58941.0,0.0176626147611633,0.0294334974385683,0.0301362635290959,0.0301362635290959,824176.0,0.1645930507038045,443313.0,0.2531254019087119,0.1481155212609722,0.1647246712583064,1.706688571077997,0.0161362044156944,0.8471727770933345,117695.0,0.3219809016974227,2.027939963020084,124.4159871996319,1234.751409533572,4788.0,84168.0,195904.0,44839
-1188690.0,93840.0,-0.0250504954969421,0.0013640238704177,-0.2665174765558397,0.2082998596594003,0.1923144918613353,120273.0,-0.2545395624708182,0.45,2018.0,32926034.0,14525722.0,47451756.0,198101.0,136673.0,0.977812865497076,-13867.0,-0.2684502923976608,-0.2279035087719298,-0.2290701754385964,-0.2290701754385964,301178.0,0.8806374269005848,139472.0,1.288450292397661,0.4485842452641504,0.6968770536301038,0.0713878827209804,0.0992858472703768,1.0,755545.0,0.1447894736842105,2.027939963020084,36.5,27.28995061644796,73672.0,98682.0,128.0,45810
1269.0,18719.0,0.0084754252739986,-0.2265078262727709,0.6288797478497783,1.527518740657218,1.285206909343333,19070.0,0.421690738628957,-0.26,2020.0,149727.0,0.0,149727.0,4236346.0,5711291.0,1.0,2880.0,0.1164311216899732,0.0950089259149062,0.4014876524843797,0.4014876524843797,74500.0,0.5541505504314193,26561.0,0.7517182386194585,0.3031427909641712,0.3326628387521486,0.3151053202734788,0.1885362387494078,0.9994129853109812,805772.0,-0.07821332936626,2.027939963020084,1.22444956858078,72.0243710691824,11984.0,212.0,-4240.0,47040
-15819.0,2121.0,-0.0293901802352477,-22.22347949080622,444.8109382366808,1.460758753726545,1.460758753726545,19406.0,0.2964561883328325,0.0,2017.0,83666.0,454575.0,538241.0,15903.0,15885.0,1.0,-2333.0,0.633387036984231,0.641702785936297,-0.0127142205366563,-0.0127142205366563,37262.0,0.1328167327269098,13948.0,0.1825330063588924,0.0,0.4756805929561701,0.32030432975755,0.0081670856642486,0.5000240369757364,436827.0,1.437102569220679,2.027939963020084,71.41225156120791,80.79438863972429,1350431.0,406987.0,-47136.0,48640
34449.0,178764.0,0.3205512338556593,0.2027757266563737,-0.2258340605491038,1.78165376460308,0.902849637783103,2400.0,0.4920846670879573,0.01,2017.0,80041.0,27427.0,107468.0,732311.5,729236.5,1.0,0.0,0.403,0.403,11.92433333333333,11.92433333333333,0.0,0.0,0.0,0.0,0.1164234367200754,0.1716234270330341,0.0071696151709057,-0.1127808208595592,0.6317135549872123,1564.0,2.218333333333333,2.027939963020084,876.0,295.3538996515268,100522.0,140893.0,36249.0,51565
280032.0,453228.0,0.0549847287550032,-0.1542203923852895,-0.5838496297669165,1.98982313192297,1.98573275086307,3547.0,-0.8940542406180723,0.01,2019.0,348038.0,4744867.0,5092905.0,732311.5,729236.5,1.0,0.0,0.205225,0.205225,0.1564,0.1564,28281.0,0.707025,0.0,0.707025,0.2781266908866043,0.3204278426219371,0.4506991470518642,-0.0092740694979559,0.394520500023322,171512.0,-0.12775,2.027939963020084,0.0,1.574973031283711,38583.0,303200.0,-69897.0,53577
76838.0,-6194.0,0.10718166537638,0.1046173716499838,-1.78543752018082,0.0016101313344621,0.0016101313344621,12034.0,0.0,0.01,2018.0,449978.0,266917.0,716895.0,732311.5,729236.5,1.0,188.0,-0.0972359391222872,-0.0978310415558763,-2.118377902707083,-2.118377902707083,20118.0,0.0636822912709868,7802.0,0.0883790422649345,0.0,0.0,0.0284122014032881,0.223629190500581,0.6234222758422184,163289.0,-0.1299000987616804,2.027939963020084,43.67933158601129,582.4987146529563,11059.0,0.0,-648.0,60145
48832.0,-1054157.0,0.4735270160195493,0.1123722557455862,-0.5834282749154064,0.8722794727358527,0.0045836502638756,10272.0,-0.0011955917459694,0.01,2016.0,28133.0,74991.0,103124.0,732311.5,729236.5,0.5085602524613088,-739.0,0.0986129745460042,0.1055953438273587,0.1050662332999489,0.1050662332999489,18020.0,0.1702602089986583,11050.0,0.274665054139345,0.4836670179135932,0.5950474183350896,1.319215236575759,0.0467704964287629,0.531577496300193,0.0,-0.0396643927511857,2.027939963020084,145.2406035639373,276.9819362531825,665920.0,50895.0,-118458.0,60285
3855503.0,1539481.0,0.08858276463572,0.1245731516010915,1.726525367964918,0.0296068751978719,0.003050271968431,505.0,-0.0151288612577047,0.01,2020.0,22068447.0,21455855.0,43524302.0,732311.5,729236.5,1.0,-6226.0,0.2584126069856812,0.3144456544238748,3.917498402527157,3.917498402527157,0.0,0.0,0.0,0.0,0.0,0.0,0.0197699516591382,-0.8858741778060684,0.6830538036537454,1169047.0,0.5604204728519615,2.027939963020084,2.332310350724037,27.3795240456123,2903246.0,245293.0,191778.0,62177
324016.0,3265855.0,0.4178269172988565,0.0020435689888252,0.0794462705784549,0.2956004018298617,0.0861144588226259,70745.0,-0.4629560196952826,0.01,2020.0,656070.0,119409.0,775479.0,732311.5,729236.5,0.8533620697151703,4530.0,0.035860460012914,0.0224649422352009,0.0229253085393719,0.0229253085393719,152598.5,0.2246114870083727,45956.0,0.3020906299662105,0.0,0.0,1.3193472905790489,-0.1019721056360021,1.0,4231959.0,0.0164185001456672,2.027939963020084,48.03787178498599,68.6028018705472,161112.0,107464.0,6674.0,63907
6785.0,-1666534.0,0.1965185657185889,0.1206642048707077,-1.225769771273793,4.663594470046083,3.952198703428884,70745.0,-0.0022421992179409,0.01,2020.0,23848.0,10678.0,34526.0,732311.5,729236.5,0.8533620697151703,4530.0,0.035860460012914,0.0224649422352009,0.0229253085393719,0.0229253085393719,152598.5,0.2246114870083727,45956.0,0.3020906299662105,0.6539990261468254,0.8722327282609926,1.3193472905790489,0.3157722999214754,0.2445759368836292,84669.0,0.0164185001456672,2.027939963020084,48.03787178498599,170.7416308570776,2086168.0,64553.0,-201091.0,63952
177588.0,1059042.0,0.0078775640908204,0.198734327817027,0.0158605607709609,0.2651903113006105,0.2415328810256856,70745.0,-0.2561670420999999,0.01,2018.0,1280982.0,21262535.0,22543517.0,732311.5,729236.5,0.8533620697151703,4530.0,0.035860460012914,0.0224649422352009,0.0229253085393719,0.0229253085393719,152598.5,0.2246114870083727,45956.0,0.3020906299662105,0.7319725718000667,0.9665890449729444,1.3193472905790489,-0.0213915728658232,0.9488007697065494,14551.0,0.0164185001456672,2.027939963020084,48.03787178498599,20.65238508686719,251579.0,274348.0,210468.0,64370
10615218.0,399414.0,0.0900023248356717,0.1586449148001822,0.5529951378769898,0.8106660610862654,0.8106660610862654,70745.0,-0.9351011985532126,0.01,0.0,115175983.0,2767837.0,117943820.0,732311.5,729236.5,0.8533620697151703,4530.0,0.035860460012914,0.0224649422352009,0.0229253085393719,0.0229253085393719,152598.5,0.2246114870083727,45956.0,0.3020906299662105,0.6553893106007332,0.783057282705676,1.3193472905790489,-0.0471123527418013,1.0,1461160.0,0.0164185001456672,2.027939963020084,48.03787178498599,16.88251618871415,571796.0,350922.0,63365.0,68447
-720.0,35943.0,-0.2307692307692307,0.3516400968199649,2.564477088723813,0.5355475996360758,0.5125620817726734,70745.0,-0.4153330605958512,0.01,0.0,2400.0,720.0,3120.0,732311.5,729236.5,0.8533620697151703,4530.0,0.035860460012914,0.0224649422352009,0.0229253085393719,0.0229253085393719,152598.5,0.2246114870083727,45956.0,0.3020906299662105,0.0,0.014362806143628,1.3193472905790489,0.023994631217431152,0.819666077789684,138116.0,0.0164185001456672,2.027939963020084,48.03787178498599,133.025443713541,98296.0,6121.0,12639.0,69432
6476.5,-2966911.0,0.0145358768362702,0.1798995655751049,-0.7641098772426945,0.5624432533340876,0.0521828904382751,70745.0,0.0684778801781381,0.01,2017.0,348973.0,137348.5,651633.0,732311.5,729236.5,0.8533620697151703,4530.0,0.035860460012914,0.0224649422352009,0.0229253085393719,0.0229253085393719,152598.5,0.2246114870083727,45956.0,0.3020906299662105,0.1954973281326789,0.2645176114777743,1.3193472905790489,0.023994631217431152,0.7669070341401819,1533208.0,0.0164185001456672,2.027939963020084,48.03787178498599,69.07585070244127,2293261.0,26215.0,-533746.0,70025
6476.5,330459.0,0.0145358768362702,0.0625342326884727,0.6902338868059276,0.2527517349822068,0.2440236217679675,70745.0,0.2681824359746034,0.01,2017.0,348973.0,137348.5,651633.0,732311.5,729236.5,0.8533620697151703,4530.0,0.035860460012914,0.0224649422352009,0.0229253085393719,0.0229253085393719,152598.5,0.2246114870083727,45956.0,0.3020906299662105,0.1954973281326789,0.2645176114777743,1.3193472905790489,0.023994631217431152,0.531577496300193,0.0,0.0164185001456672,2.027939963020084,48.03787178498599,69.07585070244127,347022.0,118928.0,20665.0,72221
6476.5,356260.0,0.0145358768362702,0.0,-0.8233453096053445,0.0450255631775674,0.0450255631775674,70745.0,0.6091669543613837,0.01,2017.0,348973.0,137348.5,651633.0,732311.5,729236.5,0.8533620697151703,4530.0,0.035860460012914,0.0224649422352009,0.0229253085393719,0.0229253085393719,152598.5,0.2246114870083727,45956.0,0.3020906299662105,0.1954973281326789,0.2645176114777743,1.3193472905790489,0.023994631217431152,0.7228376248029427,47575.0,0.0164185001456672,2.027939963020084,48.03787178498599,69.07585070244127,32648.0,325973.0,0.0,76001
6476.5,-368413.0,0.0145358768362702,0.4388037338530399,-1.007993746149023,0.0372959944939656,0.0372959944939656,70745.0,0.8502488726185069,0.01,2017.0,348973.0,137348.5,651633.0,732311.5,729236.5,0.8533620697151703,4530.0,0.035860460012914,0.0224649422352009,0.0229253085393719,0.0229253085393719,152598.5,0.2246114870083727,45956.0,0.3020906299662105,0.1954973281326789,0.2645176114777743,1.3193472905790489,0.023994631217431152,0.9577625543253672,2073847.0,0.0164185001456672,2.027939963020084,48.03787178498599,69.07585070244127,420389.0,49031.0,-161661.0,76352
6476.5,40185.0,0.0145358768362702,0.1296752519596864,0.7393057110862262,2.395510430237956,0.6208574808691616,70745.0,-0.7064172441182109,0.01,2017.0,348973.0,137348.5,651633.0,732311.5,729236.5,0.8533620697151703,4530.0,0.035860460012914,0.0224649422352009,0.0229253085393719,0.0229253085393719,152598.5,0.2246114870083727,45956.0,0.3020906299662105,0.1954973281326789,0.2645176114777743,1.3193472905790489,0.023994631217431152,1.000003531559784,283161.0,0.0164185001456672,2.027939963020084,48.03787178498599,69.07585070244127,33426.0,3717.0,5211.0,79391
6476.5,170834.0,0.0145358768362702,0.0,1.836285516934568,1.177466650146616,0.832569280964771,70745.0,0.0822069317343134,0.01,2017.0,348973.0,137348.5,651633.0,732311.5,729236.5,0.8533620697151703,4530.0,0.035860460012914,0.0224649422352009,0.0229253085393719,0.0229253085393719,152598.5,0.2246114870083727,45956.0,0.3020906299662105,0.1954973281326789,0.2645176114777743,1.3193472905790489,0.023994631217431152,0.9647435897435898,49608.0,0.0164185001456672,2.027939963020084,48.03787178498599,69.07585070244127,353226.0,39526.0,0.0,80756
6476.5,19361.0,0.0145358768362702,0.078559991735964,1.605237332782398,0.0566404683855324,0.0566404683855324,70745.0,-0.1479298870242909,0.01,2017.0,348973.0,137348.5,651633.0,732311.5,729236.5,0.8533620697151703,4530.0,0.035860460012914,0.0224649422352009,0.0229253085393719,0.0229253085393719,152598.5,0.2246114870083727,45956.0,0.3020906299662105,0.1954973281326789,0.2645176114777743,1.3193472905790489,0.023994631217431152,1.0,759834.0,0.0164185001456672,2.027939963020084,48.03787178498599,69.07585070244127,33759.0,2680.0,1521.0,82842
6476.5,175302.0,0.0145358768362702,0.9714777926093257,-1.796225941518066,0.6623064116733586,0.0060787084318471,70745.0,-0.1368573264781491,0.01,2017.0,348973.0,137348.5,651633.0,732311.5,729236.5,0.8533620697151703,4530.0,0.035860460012914,0.0224649422352009,0.0229253085393719,0.0229253085393719,152598.5,0.2246114870083727,45956.0,0.3020906299662105,0.1954973281326789,0.2645176114777743,1.3193472905790489,0.023994631217431152,0.531577496300193,0.0,0.0164185001456672,2.027939963020084,48.03787178498599,69.07585070244127,485918.0,800800.0,170302.0,84938
6476.5,12839.0,0.0145358768362702,0.0028818443804034,15.41755588441467,0.8956711730165233,0.8911193044744867,70745.0,0.9247084783021908,0.01,2017.0,348973.0,137348.5,651633.0,732311.5,729236.5,0.8533620697151703,4530.0,0.035860460012914,0.0224649422352009,0.0229253085393719,0.0229253085393719,152598.5,0.2246114870083727,45956.0,0.3020906299662105,0.1954973281326789,0.2645176114777743,1.3193472905790489,0.023994631217431152,1.0,31.0,0.0164185001456672,2.027939963020084,48.03787178498599,69.07585070244127,207496.0,9550.0,37.0,86079
6476.5,223538.0,0.0145358768362702,0.0,0.0685252619241471,0.0388924547929439,0.0388924547929439,70745.0,-1.546072974644403e-05,0.01,2017.0,348973.0,137348.5,651633.0,732311.5,729236.5,0.8533620697151703,4530.0,0.035860460012914,0.0224649422352009,0.0229253085393719,0.0229253085393719,152598.5,0.2246114870083727,45956.0,0.3020906299662105,0.1954973281326789,0.2645176114777743,1.3193472905790489,0.023994631217431152,1.0,4000.0,0.0164185001456672,2.027939963020084,48.03787178498599,69.07585070244127,173123.0,157805.0,0.0,86139
6476.5,183293.0,0.0145358768362702,0.2542541177240811,1.870671547740503,0.4217254348702045,0.3316428475983605,70745.0,0.4235716081586473,0.01,2017.0,348973.0,137348.5,651633.0,732311.5,729236.5,0.8533620697151703,4530.0,0.035860460012914,0.0224649422352009,0.0229253085393719,0.0229253085393719,152598.5,0.2246114870083727,45956.0,0.3020906299662105,0.1954973281326789,0.2645176114777743,1.3193472905790489,0.023994631217431152,0.2533080991622986,1351078.0,0.0164185001456672,2.027939963020084,48.03787178498599,69.07585070244127,1109504.0,766623.0,46603.0,87844
6476.5,427425.0,0.0145358768362702,0.1750108206118032,0.3572907527636427,0.5466301079073058,0.0121386874226074,70745.0,2.457709001642484,0.01,2017.0,348973.0,137348.5,651633.0,732311.5,729236.5,0.8533620697151703,4530.0,0.035860460012914,0.0224649422352009,0.0229253085393719,0.0229253085393719,152598.5,0.2246114870083727,45956.0,0.3020906299662105,0.1954973281326789,0.2645176114777743,1.3193472905790489,0.023994631217431152,0.531577496300193,341595.0,0.0164185001456672,2.027939963020084,48.03787178498599,69.07585070244127,278438.0,125723.0,74804.0,89255
6476.5,-20794.0,0.0145358768362702,-0.118784264691738,-0.4949985572761373,0.1842980893105121,0.152971753751945,70745.0,0.2270099868920892,0.01,2017.0,348973.0,137348.5,651633.0,732311.5,729236.5,0.8533620697151703,4530.0,0.035860460012914,0.0224649422352009,0.0229253085393719,0.0229253085393719,152598.5,0.2246114870083727,45956.0,0.3020906299662105,0.1954973281326789,0.2645176114777743,1.3193472905790489,0.023994631217431152,0.531577496300193,341595.0,0.0164185001456672,2.027939963020084,48.03787178498599,69.07585070244127,20840.0,10547.0,2470.0,89643
-286368.0,-415418.0,-0.0470659159164835,0.2193645918087324,-1.374716550558714,0.01492671579777,0.0001874830406703,78528.0,0.4363026578020351,0.23,2018.0,1400893.0,4683510.0,6084403.0,3467520.0,2816888.0,0.473016120482679,9540.0,-0.0487023583091682,-0.0586178582935777,-0.0614625882157296,-0.0614625882157296,195649.0,0.2033498591666407,82643.0,0.2892457360231985,0.3106117739836693,0.438361227203301,2.247568188826284,0.0074296778925797,0.0645322413767307,868899.0,0.1100984274474343,0.0,76.80390903516157,39.19214871887478,539610.0,79187.0,-91128.0,95769
164697.0,165558.0,0.0359996511445671,0.0,4.280789813841674,0.5057950399630373,0.3001288755283243,468890.0,0.1329845042770999,-1.0,2019.0,3291156.0,1283805.0,4574961.0,0.0,130939.0,0.3931241481367389,1589.0,-0.0340154435796812,-0.0350703764364248,-0.0399566607823233,-0.0399566607823233,214627.0,0.1424902921612978,89944.0,0.2022038735753593,0.2025238790429254,0.2520131541510345,1.133265369076012,0.3568765443615482,0.2936638208090176,550742.0,0.1574671520198744,0.0,265.1878364714654,66.9115789542709,926138.0,217432.0,0.0,95914
25362.0,886849.0,0.0215478020171434,0.0909478389218457,0.9061441124701048,0.5049483778459872,0.0950101807673287,20864.0,4.266643629049309,0.27,2017.0,1133453.0,43558.0,1177011.0,3003252.0,2372436.0,1.0,217552.0,0.176879801269205,-0.3907972194388777,-0.3922636940547762,-0.3922636940547762,13619.0,0.035537220273881,7228.0,0.0543978582164328,0.2233066483238199,0.2927636610762612,0.1164976295076744,0.3980685008422234,0.259193742478941,498600.0,-2.619849073146292,0.0,47.45937186873747,22.2784078219282,890104.0,86491.0,80657.0,96255
533041.0,173813.0,0.0844501655602908,0.3286578104054357,0.6180550361595508,0.747171030291805,0.0269997927333183,167152.0,0.1049570751972924,-0.14,2018.0,5719097.0,592803.0,6311900.0,20503199.0,23979549.0,0.7681403660781978,-5262.0,0.0157608577927,0.0233596880753817,0.0233596880753817,0.0233596880753817,199139.0,0.2875757247554063,90421.0,0.4181522798656991,0.1981043347824007,0.264578193743486,1.627159147784282,-0.2558338624278096,0.2810506292069066,68340.0,-0.3065439185530164,0.0,53.56654030831439,299.4599187965887,411205.0,458082.0,57125.0,96833
6780000.0,93060.0,0.0686902253201491,0.3207930367504835,0.0525359982806791,0.4555886156400276,0.2023391366120046,286743.0,0.0252990720871898,0.0,2020.0,70334000.0,28370000.0,98704000.0,686215.0,686123.0,0.8087530342403328,23609.0,-0.0980547034013978,-0.1013412953618668,-0.3059214478210893,-0.3059214478210893,793808.0,0.1105054424565204,361745.0,0.1608637045065803,0.1796152924219642,0.2447958011524417,1.263485446160671,-2.760758572497117,0.3882483515048638,153170.0,-0.8027883340950401,11.02213108097133,57.56615259926701,168.0503773200082,18874.0,13985.0,29853.0,99836
-217784.0,243863.0,-0.1582548540867341,0.3736893255639437,0.4491866334786334,0.1759763561984125,0.1244017657157995,795764.0,0.0494449556829476,0.66,2017.0,972954.0,403206.0,1376160.0,838520.0,506235.0,0.8974711236865707,65515.0,0.0425514101046449,0.0342780334430557,0.0338384451936625,0.0338384451936625,1945475.0,0.2456788134122782,1196014.0,0.3967140620505144,0.3020053573024669,0.4926927148507329,2.247137081544261,0.0109384915811952,0.5540335033115096,342593.0,0.0803412245380408,0.0,81.29849961622847,96.17199196094958,124044.0,14504.0,91129.0,99856
125865.0,1432136.0,0.2237934198173594,-0.8802278554550685,2.294652882128513,0.6429529625167638,0.295269160411498,533939.0,0.0487577396347676,-0.04,0.0,461702.0,100714.0,562416.0,423872.0,443030.0,0.6366332110912574,133021.0,0.2250274550951418,0.167918710593674,0.1243627799067342,0.1243627799067342,246486.0,0.1058216822696326,98950.0,0.1483030218206828,0.4252014760511928,0.4677922174090118,0.991164759804274,-0.0092289889889662,0.0858018102384419,504022.0,0.2264725504860346,4.285519464418547,59.6579618917269,30.77704010421112,7095788.0,4706367.0,-1260606.0,100750
-43145.0,-173761.0,-0.0556670890028307,0.0,-8.923578938887323,0.0020396827704186,0.0020396827704186,49876.0,0.1556284465773629,0.0,2017.0,705143.0,69911.0,775054.0,2758371.0,2757619.0,0.6944142755916963,6035.0,0.0522091335814914,0.0428722604361023,0.0423632577410181,0.0423632577410181,117253.0,0.1814045380143016,54600.0,0.2658773257091227,0.0,0.0,2.613105104425237,-0.4286543007555871,0.3956387944411166,1263779.0,0.0420553807309216,4.452891791044777,64.64618124209035,49.4951494379395,1701093.0,150523.0,0.0,102168
9210.0,-5082.0,0.0571683953743878,-10.69283746556474,-22.40928768201496,0.3740544610856033,0.1762088473593365,87594.0,-0.0285179530118701,0.8,2013.0,110568.0,50535.0,161103.0,67566.0,37500.0,1.0,-2174.0,0.053622413851213,0.0571115380232683,0.0553364822117259,0.0553364822117259,297650.0,0.4777082841822626,79277.0,0.6049425514260631,0.2460014757595436,0.3120407100534611,1.827639915522703,-0.1117211726502057,0.7667848631052724,34406.0,-0.0999038645179824,0.0,162.0769436941383,23.5383514596451,164433.0,50549.0,54341.0,105964
131449.0,-142326.0,0.1264552809550837,4.139201551367986,-4.7660652305271,0.2946214737906601,0.0043047341826642,37876.0,0.6977521609902416,-0.29,2016.0,992479.0,47011.0,1039490.0,1041952.0,1457322.0,0.5789244393059709,8487.0,0.0859605175336444,0.0622593085960517,0.060622816497851,0.060622816497851,92088.0,0.2571694271998391,16998.0,0.3046388686421863,0.3236143336076962,0.4066531177239489,1.483310412248144,-0.1154642501815052,0.3210772278749632,936812.0,0.2159527260439618,0.0,68.38901874705026,62.38720943796672,589651.0,116529.0,-589116.0,107222
34551.0,-466104.0,0.0338793420439781,-0.2213368690249386,-2.229212793711275,0.0914997485722751,0.0072693239656918,24304.0,1.058455547313055,-0.27,2018.0,416519.0,603306.0,1019825.0,464962.0,633024.0,0.7257984734927463,-440.0,-0.1755952939997871,-0.1742178059119284,-0.1697284470074071,-0.1697284470074071,74700.0,0.2338599094614647,28927.0,0.3244203592739385,0.1280639256226595,0.2095584604984315,0.1634326891984265,0.0002447204347124,0.2942015932341654,3003325.0,3.335768982725047,7.773466646769139,315.2941719731265,80.38842407433805,1152371.0,113326.0,103166.0,107731
64178.0,54141.0,0.0350076203131255,0.9393989767459042,-0.0731423505291738,0.4386606875842898,0.0013659491021023,72312.0,1.085984860140936,-0.11,2018.0,1833258.0,0.0,1833258.0,1202618.0,1346976.0,0.832584520135223,173.0,0.0053454920679424,0.0049479124773345,0.0049479124773345,0.0049479124773345,136750.0,0.3142717284140711,78763.0,0.4952807532409631,0.0,0.0,2.83168039774576,-0.0009837060829072,0.8324588137954148,95481.0,0.0624085049858319,6.37941473259334,33.82222217115227,17.16961553811361,28749.0,33837.0,50860.0,108360
73463.0,3439.0,0.0701600071818909,0.0,-3.853154986914801,0.2651656382455301,0.0521041631871876,39748.0,-0.0379211566352301,0.44,0.0,733993.0,313085.0,1047078.0,1868027.0,1293456.0,0.7949501862636215,2246.0,0.0693376063997639,0.0601330278801191,0.0602395813269182,0.0602395813269182,64046.0,0.2624739251421054,20603.0,0.3469093353114024,0.1546439587144326,0.1731370087992202,0.7309335234489204,-0.0278390470917443,0.7577999947518959,76218.0,0.2658713408111995,0.0,146.9220397608285,60.11688770999115,5247.0,18498.0,0.0,108720
174974.0,543724.0,0.0902788741841446,0.3313261875510369,1.833075236700973,0.2012791193253082,0.1158966460004944,33893.0,0.0283318996062619,-0.12,2015.0,1374988.0,563162.0,1938150.0,262306.0,299508.0,1.0,8235.0,0.2475429155919238,0.1559859468113492,0.1559859468113492,0.1559859468113492,0.0,0.0,11706.0,0.1301476474250645,0.325730307278445,0.3699276323267533,1.076451721001484,-0.0042707318416094,0.9520696498752884,5471022.0,0.4463666281241661,0.0,307.9109223516855,138.0329949238579,1032669.0,35982.0,180150.0,110007
8858.0,180899.0,0.3966150264171219,0.0,-0.6500146490583143,0.0512121366036885,0.0464945702814116,4654625.0,0.5751974669520676,-0.02,0.0,22334.0,0.0,22334.0,1834439.0,1879728.0,0.6918092557590912,471067.0,-0.0278112580580046,-0.0561531132950421,-0.0209153598527636,-0.0209153598527636,3122509.0,0.1878664777077287,1412593.0,0.2728554629579213,0.0,0.0,1.597744494615064,-0.1820849414820386,0.1743912743629052,6232118.0,-0.4342161478067216,2.027939963020084,6.293956492715946,59.76141512049441,16798.0,134385.0,0.0,110993
4212.0,463013.0,0.0105425192415993,0.422690075656623,-0.6551479116137128,1.730275537027108,0.9493346024784476,164000.0,-0.1347880198472822,0.0,2017.0,10618.0,388907.0,399525.0,180000.0,180000.0,0.3879412381383961,38703.0,-0.0368403484111786,-0.0445394747573769,-0.0509976856668498,-0.0509976856668498,572519.0,0.1138902957548279,226040.0,0.1588560741000379,0.0930905306971904,0.1014151925078043,1.966996134040788,0.0857563231275835,0.5728200495514432,111803.0,0.1618943077430497,2.027939963020084,66.54043896339199,42.25627386188573,17335.0,320677.0,195711.0,112136
-71073.0,245767.0,-0.2027095246923263,0.0,0.5058205536137886,0.2946754274161649,0.0015514437656572,237222.0,0.6718079924755623,0.28,2017.0,303475.0,47140.0,350615.0,959412.0,749754.0,1.0,0.0,0.8801853658536586,0.8801853658536586,0.8801853658536586,0.8801853658536586,0.0,0.0,0.0,0.0,0.1678103240044301,0.2320732990611101,0.5156622990489175,0.0187268940216466,0.7448618036954491,5384623.0,-0.2050585365853658,2.027939963020084,4.273170731707317,165.6269092025481,125531.0,1217.0,0.0,112518
-29186.0,-393996.0,-0.1869387545956471,-0.16290266906263,-1.326244428877451,0.12121885087153,0.0041316978695932,817962.0,1.230715005470767,-0.48,2017.0,66737.0,89389.0,156126.0,865386.0,1666002.0,0.8940656172431575,193991.0,0.0714906050685281,0.0387451143233564,0.0348325218320432,0.0348325218320432,2462046.0,0.4155909527101105,864206.0,0.5614680788392704,0.5536334536538855,0.6431303775341097,2.066350074468345,0.0249469643995406,0.4679214183699446,231759.0,0.0845235774251566,2.027939963020084,75.73296923384656,103.045036724282,541021.0,18486.0,64183.0,113198
100846.0,-326825.0,0.0775458103608695,-0.1082230551518396,-3.207875774497055,0.0295358317956743,0.0243620230840539,98893.0,0.1476726166817761,-0.04,2019.0,1248564.0,51906.0,1300470.0,834565.0,871695.0,0.9950554850333728,11257.0,-0.0545534580893493,-0.1697923917939478,-0.1697514434298349,-0.1697514434298349,52929.0,0.5418389910323083,20188.0,0.7485053847098808,0.0,0.0,1.542143567560741,-0.0471661374001907,0.3733508865297891,35701.0,-1.261097006674583,2.027939963020084,124.288470988084,42.73626129220062,1044144.0,5730.0,35370.0,114359
-679563.0,-14612.0,-0.6721385574939222,0.7918833835203942,-14.29804270462634,0.4399099710210235,0.0571573757367587,38969.0,0.144289917090131,0.86,2020.0,1010046.0,1000.0,1011046.0,5936277.0,3185228.0,0.4907791028157872,6873.0,0.0195552169709045,-0.020721380644027,-0.0373230976588824,-0.0373230976588824,58180.0,0.3409417211169386,26110.0,0.4939494271733716,0.2607981558853191,0.2656293521586707,1.454228592855195,0.0069841619339533,0.7945460499958665,629012.0,-0.1213982243839549,2.027939963020084,0.0,113.315213158426,209447.0,524.0,-11571.0,116340
-180120.0,16443.0,-0.0083667598830493,0.0,6.88931460195828,0.3611729972143239,0.2631999051139114,31702.0,-0.0808235923904793,0.02,2019.0,420399.0,21107648.0,21528047.0,11784291.0,11540051.0,0.1095448655707534,24515.0,0.027940713775826,0.0224115279521036,0.0190786795361483,0.0190786795361483,197431.0,0.0445291734188592,51307.0,0.0561011064010221,0.1660513021343254,0.2659502643430586,3.079417280177803,0.023994631217431152,1.0,140568.0,0.0207310073087198,2.027939963020084,9.914757163526543,58.54995692797032,113281.0,0.0,0.0,116419
9776.0,15600.0,0.061797930376186,4.094743589743589,6.492435897435898,0.463752909885502,0.0211619539101243,10727.0,-0.0965950408987373,-0.52,2017.0,87793.0,70400.0,158193.0,39494.0,82382.0,0.7448376232493638,30402.0,0.0959148010992751,0.0186963125517507,0.0139466719496893,0.0139466719496893,131882.0,0.33496903843907,13612.0,0.3695423581584602,0.0322288187520031,0.0425615476040852,1.285038660761204,-0.1134951559770748,0.4853283821173729,109872.0,-0.3786200135123465,2.027939963020084,0.0,50.45079425785038,157941.0,56659.0,63878.0,116945
355486.0,-544037.0,0.1931785453055493,0.0810147103965355,-0.9814222194446334,0.922389440078731,0.0589297200838296,322792.0,0.2731508178736691,13.94,2018.0,1490764.0,349430.0,1840194.0,167568.0,11214.0,0.461083262323467,58653.0,0.1384774152287547,0.0319117430635927,0.0314393533347989,0.0314393533347989,47100.0,0.0855752162545672,0.0,0.0855752162545672,0.1050646243904154,0.1223527291957511,0.9170221061120034,-0.0272216450716794,0.6585370649537917,152570.0,-0.448048939575903,2.027939963020084,0.0,43.75756542397991,790462.0,256532.0,-44075.0,119532
-891.0,105257.0,-0.0015353121801432,0.0,5.295514787615075,0.4421029675208349,0.4108295038554405,27059.0,-0.9776161004358548,0.2,2017.0,75348.0,504990.0,580338.0,1171107.0,973101.0,0.6889449373648296,865.0,-0.1035232657756157,-0.1087054199941288,-0.1125875424607144,-0.1125875424607144,44599.0,0.2671894751346461,15127.0,0.3578142691964366,0.3498171146033628,0.4420911101794156,4.846520135884556,-0.5062637519840324,0.1989508854314821,207413.0,-0.1267980277859321,2.027939963020084,0.0,93.56352515624738,656140.0,98750.0,0.0,119647
14515.0,247123.0,0.0301497621668778,0.2355628573625279,0.2316781521752325,0.5026061839269079,0.0695939977953129,292709.0,0.1526620209853581,0.01,2017.0,186705.0,294725.0,481430.0,732311.5,729236.5,0.9567561250385056,19171.0,-0.0238824566823924,-0.0282928386908129,-0.0286521844055462,-0.0286521844055462,950899.0,0.21875895057248,470554.0,0.3270121922182098,0.5650617945783045,0.7748373636245092,1.896888811696609,0.0167326071696798,0.2253319459048921,4383169.0,0.0242231679522516,2.027939963020084,98.08597909859438,11.94084033039215,73698.0,16445.0,58213.0,123171
-15080.0,66947.0,-0.0196877378554204,-0.3963583132926046,1.029590571646228,0.1112988517855261,0.0226145580954387,16135.0,0.5727234306650716,0.01,2018.0,21542.0,744417.0,765959.0,732311.5,729236.5,0.8860658991663358,4127.0,0.2583623718994898,0.2280225839177804,0.2279931777748371,0.2279931777748371,60218.0,0.4426947789393204,-572.0,0.4384897004984341,0.0,0.0,0.6321145767500651,0.0074050365706187,1.0,400.0,-0.048652463499625,2.027939963020084,5.235138870510049,48.95033385932258,92866.0,23938.0,-26535.0,125387
1291092.0,290209.0,0.021321811545759,0.0,-0.0491128807170005,0.2056036031057445,0.2021510872868945,58114.0,0.2429562276452557,0.01,2017.0,25856735.0,34695906.0,60552641.0,732311.5,729236.5,0.5040281978275982,9887.0,-0.0128138934522412,-0.0215699211364149,-0.0272015161645995,-0.0272015161645995,157699.0,0.139659837136291,79604.0,0.2101579485726178,0.3253081422037088,0.4633995249180342,3.257043878575302,0.2462417096536477,0.5252707391992619,190774.0,0.1434422781435839,2.027939963020084,81.9785283815917,25.9566281670723,346617.0,360870.0,0.0,127001
-5481.0,-20219.0,-0.5707591377694471,-1.212473416093773,-2.393985854888966,0.6988420546107932,0.6138441534508001,12066.0,0.0910218872089311,0.01,2017.0,6216.0,3387.0,9603.0,732311.5,729236.5,0.470828025477707,9649.0,0.0911832146871487,0.0622615211689771,0.0581551142750093,0.0581551142750093,69275.0,0.2076433121019108,16821.0,0.2580621955788685,0.2510435962326176,0.3764642959638916,2.354130356550639,0.0331736701398409,0.2754188698477416,125576.0,-0.176314724615961,2.027939963020084,43.64245784938179,64.42332740124566,114390.0,65986.0,24515.0,127739
-52026.0,30752124.0,-0.3337139191789608,0.0078013147969876,0.2198034516249999,0.3091586322446782,0.2377498910208485,0.0,0.327018455710699,0.01,2017.0,147075.0,8825.0,155900.0,732311.5,729236.5,0.9913191713312416,4517.0,0.1077967284573867,0.0948770239773926,0.0948798842174812,0.0948798842174812,171770.0,0.4913034400107545,37664.0,0.5990315227060159,0.0254051047998926,0.0292404165148522,1.92940118207354,0.0361176344605515,0.1685913185913186,73260.0,0.1062922421708078,2.027939963020084,0.0,23.34325805964894,6966868.0,293183.0,239907.0,128087
491775.0,292934.0,0.1206014881969823,0.0,0.7772057869690784,0.4665129894368733,0.0240884691870605,48337.0,0.1264455348380765,0.01,2019.0,3987744.0,89942.0,4077686.0,732311.5,729236.5,0.6209174271943169,-5589.0,-0.0312005872667174,-0.023588728074536,-0.0245665979797044,-0.0245665979797044,220304.0,0.3000399047189713,33675.0,0.3459030928200106,0.6157775208179088,0.827388964220649,7.74018047268664,0.0512493250208629,0.0926391272370679,130528.0,-0.0862636517039859,2.027939963020084,0.0,118.874716207309,245511.0,18387.0,0.0,128758
6476.5,207405.0,0.0145358768362702,0.5000072322268027,-0.4723029820881849,0.0008169952113814,0.0008169952113814,70745.0,0.9904291675700324,0.01,2017.0,348973.0,137348.5,651633.0,732311.5,729236.5,0.8533620697151703,4530.0,0.035860460012914,0.0224649422352009,0.0229253085393719,0.0229253085393719,152598.5,0.2246114870083727,45956.0,0.3020906299662105,0.1954973281326789,0.2645176114777743,1.3193472905790489,0.023994631217431152,0.3258008100147275,21728.0,0.0164185001456672,2.027939963020084,48.03787178498599,69.07585070244127,4348.0,102306.0,103704.0,137500
6476.5,183413.0,0.0145358768362702,0.3241809468249251,0.7711721633690087,2.166319857312723,1.023186682520808,70745.0,0.4196736109955571,0.01,2017.0,348973.0,137348.5,651633.0,732311.5,729236.5,0.8533620697151703,4530.0,0.035860460012914,0.0224649422352009,0.0229253085393719,0.0229253085393719,152598.5,0.2246114870083727,45956.0,0.3020906299662105,0.1954973281326789,0.2645176114777743,1.3193472905790489,0.023994631217431152,0.0568448085989307,924394.0,0.0164185001456672,2.027939963020084,48.03787178498599,69.07585070244127,141534.0,91.0,59459.0,140502
6476.5,328876.0,0.0145358768362702,0.0,3.676492051715541,0.0039681054168382,0.0039681054168382,70745.0,0.3358900198167082,0.01,2017.0,348973.0,137348.5,651633.0,732311.5,729236.5,0.8533620697151703,4530.0,0.035860460012914,0.0224649422352009,0.0229253085393719,0.0229253085393719,152598.5,0.2246114870083727,45956.0,0.3020906299662105,0.1954973281326789,0.2645176114777743,1.3193472905790489,0.023994631217431152,0.9535021180179292,203020.0,0.0164185001456672,2.027939963020084,48.03787178498599,69.07585070244127,1224050.0,14940.0,0.0,141393
6476.5,71362.0,0.0145358768362702,0.2094812365124295,-0.3580477004568257,0.0504022295574486,0.0504022295574486,70745.0,0.3396130254024841,0.01,2017.0,348973.0,137348.5,651633.0,732311.5,729236.5,0.8533620697151703,4530.0,0.035860460012914,0.0224649422352009,0.0229253085393719,0.0229253085393719,152598.5,0.2246114870083727,45956.0,0.3020906299662105,0.1954973281326789,0.2645176114777743,1.3193472905790489,0.023994631217431152,0.2076671759897638,80499.0,0.0164185001456672,2.027939963020084,48.03787178498599,69.07585070244127,0.0,25551.0,14949.0,144694
6476.5,56484.0,0.0145358768362702,0.3397776361447489,-0.2209475249628213,11.29600692298183,4.957028062801335,70745.0,0.2379260252542183,0.01,2017.0,348973.0,137348.5,651633.0,732311.5,729236.5,0.8533620697151703,4530.0,0.035860460012914,0.0224649422352009,0.0229253085393719,0.0229253085393719,152598.5,0.2246114870083727,45956.0,0.3020906299662105,0.1954973281326789,0.2645176114777743,1.3193472905790489,0.023994631217431152,0.917149093669925,21074.0,0.0164185001456672,2.027939963020084,48.03787178498599,69.07585070244127,1000.0,13480.0,19192.0,145510
6476.5,-570737.0,0.0145358768362702,0.0307356978783572,-1.754021554586438,0.5611983006921479,0.5588325729955634,70745.0,-0.5048847281838134,0.01,2017.0,348973.0,137348.5,651633.0,732311.5,729236.5,0.8533620697151703,4530.0,0.035860460012914,0.0224649422352009,0.0229253085393719,0.0229253085393719,152598.5,0.2246114870083727,45956.0,0.3020906299662105,0.1954973281326789,0.2645176114777743,1.3193472905790489,0.023994631217431152,0.9224882901855416,440656.0,0.0164185001456672,2.027939963020084,48.03787178498599,69.07585070244127,1020520.0,19435.0,-17542.0,146720
6476.5,95604.0,0.0145358768362702,-0.0128446508514288,0.8162106188025605,0.2042760812180201,0.0349717888731812,70745.0,0.0715019661311676,0.01,2017.0,348973.0,137348.5,651633.0,732311.5,729236.5,0.8533620697151703,4530.0,0.035860460012914,0.0224649422352009,0.0229253085393719,0.0229253085393719,152598.5,0.2246114870083727,45956.0,0.3020906299662105,0.1954973281326789,0.2645176114777743,1.3193472905790489,0.023994631217431152,0.3626086956521739,4600.0,0.0164185001456672,2.027939963020084,48.03787178498599,69.07585070244127,78038.0,5.0,-1228.0,146785
6476.5,37640.0,0.0145358768362702,0.8433049946865038,-0.2824388947927736,0.4714646742116251,0.4714646742116251,70745.0,1.047089613185834,0.01,2017.0,348973.0,137348.5,651633.0,732311.5,729236.5,0.8533620697151703,4530.0,0.035860460012914,0.0224649422352009,0.0229253085393719,0.0229253085393719,152598.5,0.2246114870083727,45956.0,0.3020906299662105,0.1954973281326789,0.2645176114777743,1.3193472905790489,0.023994631217431152,0.7000440722785368,238245.0,0.0164185001456672,2.027939963020084,48.03787178498599,69.07585070244127,1886.0,12517.0,31742.0,147702
6476.5,6389.0,0.0145358768362702,0.3092815777116919,17.39661918923149,0.0586714913414318,0.0586714913414318,70745.0,0.8875170202117636,0.01,2017.0,348973.0,137348.5,651633.0,732311.5,729236.5,0.8533620697151703,4530.0,0.035860460012914,0.0224649422352009,0.0229253085393719,0.0229253085393719,152598.5,0.2246114870083727,45956.0,0.3020906299662105,0.1954973281326789,0.2645176114777743,1.3193472905790489,0.023994631217431152,0.9418813287913612,642599.0,0.0164185001456672,2.027939963020084,48.03787178498599,69.07585070244127,116847.0,5700.0,1976.0,150680
6476.5,79330.0,0.0145358768362702,-4.672456825917055,10.24386738938611,0.0978972613746625,0.0435498996128943,70745.0,0.0965923665546224,0.01,2017.0,348973.0,137348.5,651633.0,732311.5,729236.5,0.8533620697151703,4530.0,0.035860460012914,0.0224649422352009,0.0229253085393719,0.0229253085393719,152598.5,0.2246114870083727,45956.0,0.3020906299662105,0.1954973281326789,0.2645176114777743,1.3193472905790489,0.023994631217431152,0.4308059671768888,1044447.0,0.0164185001456672,2.027939963020084,48.03787178498599,69.07585070244127,819325.0,6679.0,-370666.0,151217
6476.5,4092438.0,0.0145358768362702,-0.0781333767304477,-0.3706169769706957,0.4897187340774154,0.13114233666775832,70745.0,-0.0877511906622467,0.01,2017.0,348973.0,137348.5,651633.0,732311.5,729236.5,0.8533620697151703,4530.0,0.035860460012914,0.0224649422352009,0.0229253085393719,0.0229253085393719,152598.5,0.2246114870083727,45956.0,0.3020906299662105,0.1954973281326789,0.2645176114777743,1.3193472905790489,0.023994631217431152,0.531577496300193,341595.0,0.0164185001456672,2.027939963020084,48.03787178498599,69.07585070244127,196917.0,1715902.0,-319756.0,152560
